address,name,symbol,url
8ZmHEfv4r8rqG1H6oeEsmz4YttBzivEtiz3Z3gxWKLeT,Pavel,DurovDUROV,https://pump.fun/coin/8ZmHEfv4r8rqG1H6oeEsmz4YttBzivEtiz3Z3gxWKLeT
FDEkDxVhYRiBPhAUCzmXiS1MfkZkbPFr74FL1KHyXgnW,Pavel DurovDurov,,https://pump.fun/coin/FDEkDxVhYRiBPhAUCzmXiS1MfkZkbPFr74FL1KHyXgnW
4NsELV3ZwxrN91rhQp2sxxWGLmKNuRisge9mVhUZzDC1,Pavel Durov,,https://pump.fun/coin/4NsELV3ZwxrN91rhQp2sxxWGLmKNuRisge9mVhUZzDC1
2yZkJdDR7BmHWgiLic3PimK1UMQ4XVe7fU47xVTLuVNc,PAVEL,DUROVDUROV,https://pump.fun/coin/2yZkJdDR7BmHWgiLic3PimK1UMQ4XVe7fU47xVTLuVNc
J5WcGihVb6XuvV53ojJuMEbpKdZsju8k2ERyBLLzBGxm,Pavel DurovPavel,,https://pump.fun/coin/J5WcGihVb6XuvV53ojJuMEbpKdZsju8k2ERyBLLzBGxm
DNEJ3QWLcUgKz2Md8s3knwUbR2D7m4md8BVo7mFLpump,Pavel DurovDurov-,,https://pump.fun/coin/DNEJ3QWLcUgKz2Md8s3knwUbR2D7m4md8BVo7mFLpump
aekwVSMUFZNz7ymibVE543CJfAqrZ23d5t2ShK5pump,Pavel DurovReleaseD,,https://pump.fun/coin/aekwVSMUFZNz7ymibVE543CJfAqrZ23d5t2ShK5pump
oFxFzoRvRAzX42DBm1pynjPEdgGinexJ1fmbUpspump,Pavel DurovTGJAIL-,,https://pump.fun/coin/oFxFzoRvRAzX42DBm1pynjPEdgGinexJ1fmbUpspump
DfnwjFuWXYgEz7QfTmeUQT2fTTRDAxxNmD5vqyGNi5X6,Pavel DurovPavelDurov,,https://pump.fun/coin/DfnwjFuWXYgEz7QfTmeUQT2fTTRDAxxNmD5vqyGNi5X6
27N3VQtVymPdjg6po7YFK7vxZigWhhYmgthmohxvpump,PAVEL DUROVFREEPAVEL,,https://pump.fun/coin/27N3VQtVymPdjg6po7YFK7vxZigWhhYmgthmohxvpump
DdouTuKf53Y2x2Xh9JpsRPoUxydMYVHGoKMzFkRctDkZ,Pavel DurovPD,,https://pump.fun/coin/DdouTuKf53Y2x2Xh9JpsRPoUxydMYVHGoKMzFkRctDkZ
fjJMJ5tRdimv8ShZUdNfQTYuoy3E4LLFtDET1gNpump,Pavel DurovDurev,,https://pump.fun/coin/fjJMJ5tRdimv8ShZUdNfQTYuoy3E4LLFtDET1gNpump
qBBcjn9n9hnkR7C4upvGjo6EhNca9xMFTdMkEHSpump,Pavel,DurovDUROV,https://pump.fun/coin/qBBcjn9n9hnkR7C4upvGjo6EhNca9xMFTdMkEHSpump
48AqkTBTQydgogbFUvkixUzMD1m1E8dHmp5HjdKBpump,Pavel Durov@durov2025,,https://pump.fun/coin/48AqkTBTQydgogbFUvkixUzMD1m1E8dHmp5HjdKBpump
HqPRH59fTbdLoC36QhkJA8JxzLv3bvpq6wD3nJyPpump,PAVEL,DUROVDUROV,https://pump.fun/coin/HqPRH59fTbdLoC36QhkJA8JxzLv3bvpq6wD3nJyPpump
CELHSH5kt3NECixBCWyYqc1MChVsLEdjZ6oJNi7ypump,Pavel DurovPAVEL-,,https://pump.fun/coin/CELHSH5kt3NECixBCWyYqc1MChVsLEdjZ6oJNi7ypump
ERbbjw8XCquv7pGMtFMPLncc6dXFSCnYWrvJqBckpump,Pavel DurovDurov,,https://pump.fun/coin/ERbbjw8XCquv7pGMtFMPLncc6dXFSCnYWrvJqBckpump
kkedrRM4XairwufE2JaKBMJt7aZPoiGyAt92dhSpump,Pavel DurovDurov,,https://pump.fun/coin/kkedrRM4XairwufE2JaKBMJt7aZPoiGyAt92dhSpump
7NomjM1MPFxmHNNeJDUZwFvMjzxVpNGg3XPCVuPWpump,PAVEL DUROVRELEASED,,https://pump.fun/coin/7NomjM1MPFxmHNNeJDUZwFvMjzxVpNGg3XPCVuPWpump
9nzN7FEyzyQJ8Agg9nzC2jZgEEnb7cCCHe9amxHKtGJy,Pavel DurovPavel 2025,,https://pump.fun/coin/9nzN7FEyzyQJ8Agg9nzC2jZgEEnb7cCCHe9amxHKtGJy
8qHBsmHp9oNP8oo4eiW9XsLteXhRhX2ow4V8iMBpAJVW,Pavel DurovPD,,https://pump.fun/coin/8qHBsmHp9oNP8oo4eiW9XsLteXhRhX2ow4V8iMBpAJVW
5aW4CaQkLnBeJTvUn9QRcv8ErC5UuYphDdf2yHzcn8Jj,Pavel,DurovDUROV,https://pump.fun/coin/5aW4CaQkLnBeJTvUn9QRcv8ErC5UuYphDdf2yHzcn8Jj
BuDyUf3r6kxbcqRCBrDUTA6HV9N1HzccY51HjAXh6B72,PAVEL DUROVDUROV2025,,https://pump.fun/coin/BuDyUf3r6kxbcqRCBrDUTA6HV9N1HzccY51HjAXh6B72
55UZub7qomZoYwigx31njc7oF3NbDtRRYKmp5WjApump,PAVEL,DUROVPD,https://pump.fun/coin/55UZub7qomZoYwigx31njc7oF3NbDtRRYKmp5WjApump
CEJ32UibbRUYCKZuC1inDmNAeCvLTxwHH1UQGAZN4Yte,Pavel DurovPD,,https://pump.fun/coin/CEJ32UibbRUYCKZuC1inDmNAeCvLTxwHH1UQGAZN4Yte
GPY56gpkbMXNYiK1yPqzQxAEQD8te78WfMYQgCBcpump,PAVEL,DUROVPCOIN,https://pump.fun/coin/GPY56gpkbMXNYiK1yPqzQxAEQD8te78WfMYQgCBcpump
CUmyCFZdxF6xuhZP7EHq7KweGh8uwfEFBbSUeijnEaoK,PAVEL,DUROVDUROV,https://pump.fun/coin/CUmyCFZdxF6xuhZP7EHq7KweGh8uwfEFBbSUeijnEaoK
8n6abPPAyECd47TVCiSY16Ebc5tcVGkjUmTN1xJfpump,PAVEL DUROVFREEDUROV,,https://pump.fun/coin/8n6abPPAyECd47TVCiSY16Ebc5tcVGkjUmTN1xJfpump
GQK78uemsiKgqDCEafiohhXAbk3yqENz4vYwLwUDpump,Pavel,DurovPAVEL,https://pump.fun/coin/GQK78uemsiKgqDCEafiohhXAbk3yqENz4vYwLwUDpump
G9LegFiXp65CZRxiNBi7HDM7tgQ9CHxtnFrm9Rwapump,Pavel DurovPV,,https://pump.fun/coin/G9LegFiXp65CZRxiNBi7HDM7tgQ9CHxtnFrm9Rwapump
E4Gany3Q41JNS45DpBJnKHQNMXmehU5MccxjagHFpump,Pavel,DurovPDV,https://pump.fun/coin/E4Gany3Q41JNS45DpBJnKHQNMXmehU5MccxjagHFpump
BpCnQXvArLFKsqCbUFpejPG7Ke3TZcwwsJm16H8dwQ41,PAVEL DUROVPAVELDRV-,,https://pump.fun/coin/BpCnQXvArLFKsqCbUFpejPG7Ke3TZcwwsJm16H8dwQ41
7Pv3VB2QBwZwdVD7BkE6PZ3Z1XBYLg7LWiqHmEvrpump,PAVEL,DUROVFREE-,https://pump.fun/coin/7Pv3VB2QBwZwdVD7BkE6PZ3Z1XBYLg7LWiqHmEvrpump
GMY3SSUYRmwZ8KeM5x6A9XVR5p4sdpK5szZqy5HYpump,Pavel DurovPnD-,,https://pump.fun/coin/GMY3SSUYRmwZ8KeM5x6A9XVR5p4sdpK5szZqy5HYpump
4vt4whJ7jhtynup6fpL917uF7LFYjizUUXu6QkSspump,PAVEL,DUROVPV,https://pump.fun/coin/4vt4whJ7jhtynup6fpL917uF7LFYjizUUXu6QkSspump
RELHEfyvWw4JxDbS8Ay6Hsh9ggSZLEd6nvibWekisUW,PAVEL DUROVRELEASED,,https://pump.fun/coin/RELHEfyvWw4JxDbS8Ay6Hsh9ggSZLEd6nvibWekisUW
6dvegZ2eituygyJNWEvbwNXQFxBZR6zWhHLPgx3spump,pavel,durovDUROV,https://pump.fun/coin/6dvegZ2eituygyJNWEvbwNXQFxBZR6zWhHLPgx3spump
5f7aQGFDym54UJipirV9RTfHdKUYSScyBEj2Hh73pump,PAVEL,DUROVTGCEO,https://pump.fun/coin/5f7aQGFDym54UJipirV9RTfHdKUYSScyBEj2Hh73pump
fdgM6BKgB2AadYQSQZv3zEfTbXNs9SKb2T3C72vpump,Pavel DurovDUROV-,,https://pump.fun/coin/fdgM6BKgB2AadYQSQZv3zEfTbXNs9SKb2T3C72vpump
8BDTYZKcbxR5dzk9HVL9nLLwQh9ziuopm4hWaqjapump,Pavel DurovPD,,https://pump.fun/coin/8BDTYZKcbxR5dzk9HVL9nLLwQh9ziuopm4hWaqjapump
3YERdZ487TjyYaRbodpLFBY7NcZpmWoZihYpi5iHvdDx,PAVEL,DUROVdurov,https://pump.fun/coin/3YERdZ487TjyYaRbodpLFBY7NcZpmWoZihYpi5iHvdDx
3vkRePmp35XdH9cWUMf5hhDqYxLFtBWbCbohUQibpump,Pavel Durovdurov2025,,https://pump.fun/coin/3vkRePmp35XdH9cWUMf5hhDqYxLFtBWbCbohUQibpump
DPpmF4eJzXnxiZ8Zp9sRVBqV4oZVTyiavbtLT8oPpump,PAVEL,DUROVPAVEL,https://pump.fun/coin/DPpmF4eJzXnxiZ8Zp9sRVBqV4oZVTyiavbtLT8oPpump
B6oLWMv5WeKtRW5Fj86rsvTZPWYafwniA9MR4DX1pump,PAVEL,DUROVPDR,https://pump.fun/coin/B6oLWMv5WeKtRW5Fj86rsvTZPWYafwniA9MR4DX1pump
A49Mn9qKAXFYYSMGadB4AqLCRYLhn5D8rLwdJQLtpump,Pavel DurovDurov,,https://pump.fun/coin/A49Mn9qKAXFYYSMGadB4AqLCRYLhn5D8rLwdJQLtpump
EaY8LxoHFSVYEBcDQ7NSnhcmUCfLqMrpnAApkBXpPYxk,Pavel Durov,,https://pump.fun/coin/EaY8LxoHFSVYEBcDQ7NSnhcmUCfLqMrpnAApkBXpPYxk
H8o2242tnyxwy4Cgqx7ggMCZqhZjFzP4qkxmd5PKpump,Pavel DurovДуров,,https://pump.fun/coin/H8o2242tnyxwy4Cgqx7ggMCZqhZjFzP4qkxmd5PKpump
HzwzzACuhufiUacTf4G7MtXM9QDA6ghCYTzw4UBrLco4,Pavel DurovPD,,https://pump.fun/coin/HzwzzACuhufiUacTf4G7MtXM9QDA6ghCYTzw4UBrLco4
BPqYkqecCCpcdqMmTMNJg2mmMBRagSaEaLyski2Npump,Pavel,DurovPVDV,https://pump.fun/coin/BPqYkqecCCpcdqMmTMNJg2mmMBRagSaEaLyski2Npump
9DjG6SET8EytD7yQdGw6SLe9XfmUtt3jwoX5pmgBVump,PAVEL DUROVPAVEL,DURO,https://pump.fun/coin/9DjG6SET8EytD7yQdGw6SLe9XfmUtt3jwoX5pmgBVump
2azY5gbYQDsrmS3L6RcqNSyBBZ7ebw7MiVZmv8sxzxRP,Pavel DurovDUROV2025,,https://pump.fun/coin/2azY5gbYQDsrmS3L6RcqNSyBBZ7ebw7MiVZmv8sxzxRP
2degTye6X8CwSdiTKczaYJXVznZsafrCPFxsu7cPpump,Pavel DurovDurovPD,,https://pump.fun/coin/2degTye6X8CwSdiTKczaYJXVznZsafrCPFxsu7cPpump
65HPRoCvzeXpM9YgJWTZRzXa6Kdfao77t66Wjhdipump,Pavel DurovPavelDurov,,https://pump.fun/coin/65HPRoCvzeXpM9YgJWTZRzXa6Kdfao77t66Wjhdipump
9yYKuBSgTC1bwVQ7JPzs99vmTwDM3QuWrCFHUXzcpump,PAVEL,DUROVPCOIN,https://pump.fun/coin/9yYKuBSgTC1bwVQ7JPzs99vmTwDM3QuWrCFHUXzcpump
wQkBmWBZm32HBwUHAvi3QEDuMdrxTxPtDHnn1FDpump,Pavel,DurovDUROV,https://pump.fun/coin/wQkBmWBZm32HBwUHAvi3QEDuMdrxTxPtDHnn1FDpump
8PAdyKyNBAzDT5QXBZQ13ZUzqicQW93xemSCYNvXpump,Pavel DurovPD,,https://pump.fun/coin/8PAdyKyNBAzDT5QXBZQ13ZUzqicQW93xemSCYNvXpump
Bu9ZmdhHjoy2hfbyTNVS5RZQHNUseTFmP5967qEtpump,Pavel DurovDurov,,https://pump.fun/coin/Bu9ZmdhHjoy2hfbyTNVS5RZQHNUseTFmP5967qEtpump
5tW9DafR5WoDUSsdCLPqo1AxJtgCvjpvgGTgbLHcJKE5,Pavel DurovDUROV-,,https://pump.fun/coin/5tW9DafR5WoDUSsdCLPqo1AxJtgCvjpvgGTgbLHcJKE5
B5tUBdwMZxhUJT7BAcyAJyrmMxT9APd9uZ5bRLGTpump,PAVEL DUROVPAVEL-,,https://pump.fun/coin/B5tUBdwMZxhUJT7BAcyAJyrmMxT9APd9uZ5bRLGTpump
EdfH9gx1xZH3R8iKANMtzWbTgwrMj8ZPmQU727Dpump,PAVEL,DUROVDUROV,https://pump.fun/coin/EdfH9gx1xZH3R8iKANMtzWbTgwrMj8ZPmQU727Dpump
BrP5L9UiEchbo9tLgafhCJEm2B9AYCh6JaWsHQYypump,PAVEL DUROVDUROV2025,,https://pump.fun/coin/BrP5L9UiEchbo9tLgafhCJEm2B9AYCh6JaWsHQYypump
5PC8nJSP9BFwdAjwBgTSB8CDMFFPE1uQpH3fkJXtNHLJ,Pavel DurovPavelDurov,,https://pump.fun/coin/5PC8nJSP9BFwdAjwBgTSB8CDMFFPE1uQpH3fkJXtNHLJ
Hry1qCKXFgDVw4hpEhyWMaGXy8sRRi3Xh6xWya9pump,PAVEL,DUROVDUROV,https://pump.fun/coin/Hry1qCKXFgDVw4hpEhyWMaGXy8sRRi3Xh6xWya9pump
BAZbXJdgfvESbFjcDVx9GX1FzoxYzUJboDeFmcxyfZoh,Pavel DurovPD,,https://pump.fun/coin/BAZbXJdgfvESbFjcDVx9GX1FzoxYzUJboDeFmcxyfZoh
9uF71M8zEMEcSfQRNtsoQXF4FZJRE7yz22Fy4a94pump,Pavel DurovDurov meme,,https://pump.fun/coin/9uF71M8zEMEcSfQRNtsoQXF4FZJRE7yz22Fy4a94pump
9RvCKsVerwA3fyRo4DKEcga247vzBjeNLJXvHxwJnKGc,Pavel DurovPAVELDUROV,,https://pump.fun/coin/9RvCKsVerwA3fyRo4DKEcga247vzBjeNLJXvHxwJnKGc
9zuPJyWuYE5xxHND9nQnEa3M7HPj9HnYwpMHUQKppump,Pavel DurovPavel,,https://pump.fun/coin/9zuPJyWuYE5xxHND9nQnEa3M7HPj9HnYwpMHUQKppump
66ST79PfjtnNtgicZT3uoSvwVrNaZBxCrnHUq6kBpump,Pavel DurovDurov-,,https://pump.fun/coin/66ST79PfjtnNtgicZT3uoSvwVrNaZBxCrnHUq6kBpump
6NNWzSqiZeRc8ojrcUDpCRswzKRXay7gNfWHopJ7hfk1,Pavel DurovPD,,https://pump.fun/coin/6NNWzSqiZeRc8ojrcUDpCRswzKRXay7gNfWHopJ7hfk1
Ecy4ZraG4xwa2TLi2EXVKnn1ZepYpbESa33DB7Yupump,Pavel DurovPD-,,https://pump.fun/coin/Ecy4ZraG4xwa2TLi2EXVKnn1ZepYpbESa33DB7Yupump
D9THVim5zoQqpagG2Zdzb6kBkKkruxxJ4ZYSjJvfKkzr,Pavel DurovPAVEL-,,https://pump.fun/coin/D9THVim5zoQqpagG2Zdzb6kBkKkruxxJ4ZYSjJvfKkzr
BxKt6UYQVGcgYH54sVrexxJZChKXNtNTJNVY1gRkLvgn,Pavel,DurovDUROV,https://pump.fun/coin/BxKt6UYQVGcgYH54sVrexxJZChKXNtNTJNVY1gRkLvgn
6dZqAD5S1qmuyNbgfvfcWgroLj8tgUe7Y8Qe834dpump,Pavel,DurovDUROV,https://pump.fun/coin/6dZqAD5S1qmuyNbgfvfcWgroLj8tgUe7Y8Qe834dpump
GjjRyMfWYfETroBqoFmeBQCHUrQywMnWJBXyUMocpump,PAVEL DUROVDUROV-,,https://pump.fun/coin/GjjRyMfWYfETroBqoFmeBQCHUrQywMnWJBXyUMocpump
39bzCD8QgGfHyYKoY2CEhaui2gySsm9LdCsrVZD8pump,Pavel DurovRELEASED-,,https://pump.fun/coin/39bzCD8QgGfHyYKoY2CEhaui2gySsm9LdCsrVZD8pump
kXcqDTFGUHWb66pu9xwjWeo682HkooE3ekNd9L4pump,Pavel DurovDUROV-,,https://pump.fun/coin/kXcqDTFGUHWb66pu9xwjWeo682HkooE3ekNd9L4pump
6uKzAtJ4WKmMzqzeQihhUKxUW63bUCKbdJp1U6sxpump,PAVEL DUROVPAVEL-,,https://pump.fun/coin/6uKzAtJ4WKmMzqzeQihhUKxUW63bUCKbdJp1U6sxpump
Fsgy5BWxdouDqukwG5ZTJmge2A2WntTLTbA4oM9JyiNH,Pavel Durovdurov2025-,,https://pump.fun/coin/Fsgy5BWxdouDqukwG5ZTJmge2A2WntTLTbA4oM9JyiNH
s1M5tkK9jq84ZLELjrF7RHbfg6vJpTLiQX7tScpuu8M,Pavel DurovDUROVX-,,https://pump.fun/coin/s1M5tkK9jq84ZLELjrF7RHbfg6vJpTLiQX7tScpuu8M
6tNsX1nB21drmXHKcHjiFeHeve45seFhRRKcLsQSpump,Pavel Durov Durov-,,https://pump.fun/coin/6tNsX1nB21drmXHKcHjiFeHeve45seFhRRKcLsQSpump
SZg4zj8xAdk3cNqiYxBbMMx7VVAcJ4y9u9VBGtCpump,Pavel DurovPavel-,,https://pump.fun/coin/SZg4zj8xAdk3cNqiYxBbMMx7VVAcJ4y9u9VBGtCpump
EwHjccsNU6ErNXjpRHtXyE8kkxGmdQ25aUC4BF44pump,Pavel DurovDUROV-,,https://pump.fun/coin/EwHjccsNU6ErNXjpRHtXyE8kkxGmdQ25aUC4BF44pump
8seAqteUCvd6T2dFLbjRZyEcm23UKqzY2TQm9wSopump,Pavel Durov,,https://pump.fun/coin/8seAqteUCvd6T2dFLbjRZyEcm23UKqzY2TQm9wSopump
Dvbc2Eztmg1eXtfxVvi6hHvuKdVPWWmZPnWJnWJipump,Pavel DurovDurov-,,https://pump.fun/coin/Dvbc2Eztmg1eXtfxVvi6hHvuKdVPWWmZPnWJnWJipump
791FVDTDRWMHgE4sdCXqaR5u79RQoCmA5NyVSCFvpump,PAVEL DUROVDUROV-,,https://pump.fun/coin/791FVDTDRWMHgE4sdCXqaR5u79RQoCmA5NyVSCFvpump
FG5LqLreBdcMZV5r6V1sWDRxowpHdEgZ92RiB5ppj2Bi,Pavel DurovPD-,,https://pump.fun/coin/FG5LqLreBdcMZV5r6V1sWDRxowpHdEgZ92RiB5ppj2Bi
Di2njKawmQDveNjwfZ7gNafvhdeaqLdo2U4zdaiLbFK9,Pavel Durovdurov2025-,,https://pump.fun/coin/Di2njKawmQDveNjwfZ7gNafvhdeaqLdo2U4zdaiLbFK9
26ka7NJEVwcRoRXyNQUW6P8GYzZuEwV1CswkXSUApump,PAVEL DUROVPAVEL-,,https://pump.fun/coin/26ka7NJEVwcRoRXyNQUW6P8GYzZuEwV1CswkXSUApump
7fGQ34Vpmy8SKdAa6iopRKmwgcmYqvdXz4VyZqZmpump,Pavel Durovdurov2025-,,https://pump.fun/coin/7fGQ34Vpmy8SKdAa6iopRKmwgcmYqvdXz4VyZqZmpump
AYZAqC1ymnaYCt9DyLaBVxgPxMSafqhsKRXsPxTmpump,PAVEL DUROVDUROV-,,https://pump.fun/coin/AYZAqC1ymnaYCt9DyLaBVxgPxMSafqhsKRXsPxTmpump
CvnAQLX38VHvoRsq7DJzqCJCce9sUYsfiZZi1ykwpump,Pavel Durovdurov2025-,,https://pump.fun/coin/CvnAQLX38VHvoRsq7DJzqCJCce9sUYsfiZZi1ykwpump
A19Lraaz6NqPh1Ky6VzskzK5fnY3hnM83EbJeBhjdY4A,Pavel DurovPAVEl-,,https://pump.fun/coin/A19Lraaz6NqPh1Ky6VzskzK5fnY3hnM83EbJeBhjdY4A
39AAws84fvPpjbSYS1uqPbNsbFfb2sFoBFTZrY2tpump,PAVEL DUROVDUROVCOIN-,,https://pump.fun/coin/39AAws84fvPpjbSYS1uqPbNsbFfb2sFoBFTZrY2tpump
9AmhVN7pwp3B2DVYdunRm2TAYXuqJx8nWTyJFtkJfMtw,Pavel Durovdurov2025-,,https://pump.fun/coin/9AmhVN7pwp3B2DVYdunRm2TAYXuqJx8nWTyJFtkJfMtw
3W8AqHdmbmnMh5EzX34fQRc9qBJ6KLeaMz6tU4Mdfump,PAVEL DUROVPAVEL,DURO-,https://pump.fun/coin/3W8AqHdmbmnMh5EzX34fQRc9qBJ6KLeaMz6tU4Mdfump
Vb61wfdgDocK7cmwxc8wYpt88tJntAuTVqynxhApump,Pavel DurovTGJAIL-,,https://pump.fun/coin/Vb61wfdgDocK7cmwxc8wYpt88tJntAuTVqynxhApump
